{"init_params": {"cat_dims": [], "cat_emb_dim": [], "cat_idxs": [], "clip_value": 1, "device_name": "cpu", "epsilon": 1e-15, "gamma": 1.3, "grouped_features": [], "input_dim": 34, "lambda_sparse": 0.001, "mask_type": "entmax", "momentum": 0.02, "n_a": 64, "n_d": 64, "n_indep_decoder": 1, "n_independent": 2, "n_shared": 2, "n_shared_decoder": 1, "n_steps": 6, "optimizer_params": {"lr": 0.015, "weight_decay": 1e-05}, "output_dim": 3, "scheduler_params": {"step_size": 40, "gamma": 0.85}, "seed": 42, "verbose": 1}, "class_attrs": {"preds_mapper": {"0": 0, "1": 1, "2": 2}}}